time_s,temp_c,time_min,rolling_avg,rate_of_change
0.0,29.69,0.0,29.69,
2.36,29.69,0.039,29.69,0.0
3.64,29.69,0.061,29.69,0.0
4.93,29.75,0.082,29.705,0.047
6.21,29.75,0.104,29.714,0.0
7.5,29.69,0.125,29.71,-0.047
8.78,29.62,0.146,29.697,-0.055
10.06,29.5,0.168,29.672,-0.094
11.35,29.37,0.189,29.639,-0.101
12.63,29.25,0.211,29.6,-0.094
13.91,29.12,0.232,29.556,-0.102
15.2,29.0,0.253,29.51,-0.093
16.48,28.87,0.275,29.461,-0.102
17.76,29.0,0.296,29.428,0.102
19.05,29.25,0.318,29.416,0.194
20.33,29.62,0.339,29.429,0.289
21.61,29.87,0.36,29.455,0.195
22.9,30.19,0.382,29.496,0.248
24.18,30.44,0.403,29.545,0.195
25.46,30.75,0.424,29.606,0.242
26.75,31.0,0.446,29.671,0.194
28.03,31.19,0.467,29.746,0.148
29.31,31.5,0.488,29.836,0.242
30.6,31.62,0.51,29.93,0.093
31.88,31.87,0.531,30.036,0.195
33.16,32.06,0.553,30.155,0.148
34.45,32.25,0.574,30.286,0.147
35.73,32.44,0.595,30.433,0.148
37.01,32.63,0.617,30.596,0.148
38.3,32.69,0.638,30.768,0.047
39.58,32.88,0.66,30.956,0.148
40.86,33.0,0.681,31.156,0.094
42.15,33.19,0.702,31.372,0.147
43.43,33.31,0.724,31.588,0.094
44.71,33.44,0.745,31.797,0.102
46.0,33.56,0.767,31.994,0.093
47.28,33.69,0.788,32.185,0.102
48.56,33.81,0.809,32.366,0.094
49.85,33.94,0.831,32.541,0.101
51.13,34.06,0.852,32.706,0.094
52.41,34.19,0.874,32.866,0.102
53.7,34.31,0.895,33.022,0.093
54.98,34.38,0.916,33.166,0.055
56.26,34.5,0.938,33.31,0.094
57.55,34.56,0.959,33.445,0.047
58.83,34.69,0.98,33.576,0.102
60.11,34.81,1.002,33.704,0.094
61.4,34.88,1.023,33.826,0.054
62.68,35.0,1.045,33.944,0.094
63.97,35.06,1.066,34.063,0.047
65.25,35.19,1.088,34.178,0.102
66.53,35.25,1.109,34.291,0.047
67.82,35.31,1.13,34.397,0.047
69.1,35.44,1.152,34.504,0.102
70.38,35.5,1.173,34.606,0.047
71.67,35.56,1.195,34.706,0.047
72.95,35.69,1.216,34.806,0.102
74.23,35.75,1.237,34.904,0.047
75.52,35.81,1.259,34.997,0.047
76.8,35.94,1.28,35.091,0.102
78.08,36.0,1.301,35.182,0.047
79.37,36.06,1.323,35.269,0.047
80.65,36.13,1.344,35.356,0.055
81.93,36.19,1.366,35.441,0.047
83.22,36.25,1.387,35.526,0.047
84.5,36.38,1.408,35.61,0.102
85.78,36.38,1.43,35.688,0.0
87.07,36.44,1.451,35.766,0.047
88.35,36.5,1.472,35.842,0.047
89.65,36.56,1.494,35.916,0.046
90.92,36.63,1.515,35.988,0.055
92.2,36.69,1.537,36.061,0.047
93.48,36.75,1.558,36.133,0.047
94.77,36.81,1.58,36.201,0.047
96.05,36.88,1.601,36.27,0.055
97.33,36.94,1.622,36.339,0.047
98.62,37.0,1.644,36.404,0.047
99.9,37.06,1.665,36.47,0.047
101.19,37.13,1.686,36.536,0.054
102.47,37.13,1.708,36.596,0.0
103.75,37.19,1.729,36.655,0.047
105.04,37.25,1.751,36.714,0.047
106.32,37.31,1.772,36.774,0.047
107.6,37.38,1.793,36.833,0.055
108.89,37.44,1.815,36.892,0.047
110.17,37.5,1.836,36.948,0.047
111.46,37.56,1.858,37.008,0.047
112.74,37.56,1.879,37.064,0.0
114.02,37.63,1.9,37.12,0.055
115.3,37.69,1.922,37.176,0.047
116.59,37.75,1.943,37.232,0.047
117.87,37.75,1.965,37.286,0.0
119.15,37.81,1.986,37.338,0.047
120.44,37.88,2.007,37.392,0.054
121.72,37.94,2.029,37.445,0.047
123.0,37.94,2.05,37.495,0.0
124.29,38.0,2.072,37.545,0.047
125.57,38.06,2.093,37.595,0.047
126.85,38.06,2.114,37.642,0.0
128.14,38.13,2.136,37.692,0.054
129.42,38.19,2.157,37.741,0.047
130.7,38.25,2.178,37.792,0.047
131.99,38.25,2.2,37.838,0.0
133.28,38.31,2.221,37.885,0.047
134.56,38.31,2.243,37.928,0.0
135.84,38.38,2.264,37.973,0.055
137.12,38.44,2.285,38.016,0.047
138.4,38.44,2.307,38.061,0.0
139.69,38.5,2.328,38.104,0.047
140.97,38.5,2.35,38.145,0.0
142.25,38.56,2.371,38.185,0.047
143.54,38.63,2.392,38.229,0.054
144.82,38.63,2.414,38.27,0.0
146.11,38.69,2.435,38.311,0.047
147.39,38.69,2.456,38.348,0.0
148.67,38.69,2.478,38.386,0.0
149.96,38.75,2.499,38.423,0.047
151.24,38.81,2.521,38.46,0.047
152.52,38.81,2.542,38.498,0.0
153.81,38.88,2.564,38.536,0.054
155.09,38.88,2.585,38.57,0.0
156.37,38.88,2.606,38.602,0.0
157.66,38.94,2.628,38.636,0.047
158.94,38.94,2.649,38.668,0.0
160.22,39.0,2.67,38.702,0.047
161.51,39.0,2.692,38.733,0.0
162.79,39.06,2.713,38.764,0.047
164.07,39.06,2.734,38.795,0.0
165.36,39.13,2.756,38.826,0.054
166.64,39.13,2.777,38.858,0.0
167.92,39.13,2.799,38.886,0.0
169.21,39.19,2.82,38.914,0.047
170.49,39.19,2.842,38.942,0.0
171.77,39.25,2.863,38.97,0.047
173.06,39.25,2.884,38.998,0.0
174.34,39.31,2.906,39.03,0.047
175.62,39.31,2.927,39.058,0.0
176.91,39.38,2.948,39.086,0.054
178.19,39.38,2.97,39.114,0.0
179.47,39.38,2.991,39.14,0.0
180.76,39.38,3.013,39.164,0.0
182.04,39.44,3.034,39.192,0.047
183.32,39.44,3.055,39.218,0.0
184.61,39.5,3.077,39.246,0.047
185.89,39.5,3.098,39.27,0.0
187.17,39.56,3.12,39.299,0.047
188.46,39.56,3.141,39.324,0.0
189.74,39.56,3.162,39.348,0.0
191.02,39.63,3.184,39.374,0.055
192.31,39.63,3.205,39.398,0.0
193.59,39.63,3.226,39.424,0.0
194.88,39.69,3.248,39.448,0.047
196.16,39.69,3.269,39.474,0.0
197.44,39.69,3.291,39.496,0.0
198.73,39.75,3.312,39.52,0.047
200.01,39.75,3.334,39.542,0.0
201.29,39.75,3.355,39.564,0.0
202.58,39.75,3.376,39.583,0.0
203.86,39.81,3.398,39.604,0.047
205.14,39.81,3.419,39.626,0.0
206.43,39.81,3.44,39.648,0.0
207.71,39.88,3.462,39.67,0.055
208.99,39.88,3.483,39.692,0.0
210.28,39.88,3.505,39.71,0.0
211.56,39.94,3.526,39.732,0.047
212.84,39.94,3.547,39.752,0.0
214.13,39.94,3.569,39.771,0.0
215.41,40.0,3.59,39.793,0.047
216.69,40.0,3.612,39.811,0.0
217.98,40.06,3.633,39.832,0.047
219.26,40.0,3.654,39.851,-0.047
220.54,40.06,3.676,39.87,0.047
221.83,40.06,3.697,39.888,0.0
223.11,40.13,3.718,39.91,0.055
224.39,40.13,3.74,39.929,0.0
225.68,40.13,3.761,39.948,0.0
226.96,40.19,3.783,39.97,0.047
228.24,40.19,3.804,39.992,0.0
229.53,40.19,3.826,40.011,0.0
230.81,40.19,3.847,40.03,0.0
232.09,40.25,3.868,40.052,0.047
233.38,40.25,3.89,40.07,0.0
234.66,40.25,3.911,40.089,0.0
235.95,40.25,3.932,40.108,0.0
237.23,40.31,3.954,40.126,0.047
238.51,40.31,3.975,40.144,0.0
239.8,40.31,3.997,40.163,0.0
241.08,40.38,4.018,40.182,0.055
242.36,40.38,4.039,40.201,0.0
243.64,40.38,4.061,40.217,0.0
244.93,40.38,4.082,40.236,0.0
246.21,40.44,4.104,40.255,0.047
247.5,40.44,4.125,40.274,0.0
248.78,40.44,4.146,40.29,0.0
250.06,40.44,4.168,40.305,0.0
251.35,40.5,4.189,40.324,0.047
252.63,40.5,4.21,40.339,0.0
253.91,40.5,4.232,40.354,0.0
255.2,40.5,4.253,40.37,0.0
256.48,40.56,4.275,40.389,0.047
257.76,40.56,4.296,40.404,0.0
259.05,40.56,4.318,40.42,0.0
260.33,40.56,4.339,40.435,0.0
261.61,40.56,4.36,40.451,0.0
262.9,40.63,4.382,40.466,0.054
264.18,40.63,4.403,40.482,0.0
265.46,40.63,4.424,40.498,0.0
266.75,40.63,4.446,40.511,0.0
268.03,40.63,4.467,40.524,0.0
269.31,40.69,4.488,40.539,0.047
270.6,40.69,4.51,40.555,0.0
271.88,40.69,4.531,40.567,0.0
273.16,40.69,4.553,40.58,0.0
274.45,40.75,4.574,40.595,0.047
275.73,40.75,4.596,40.61,0.0
277.01,40.75,4.617,40.623,0.0
278.3,40.75,4.638,40.636,0.0
279.58,40.81,4.66,40.651,0.047
280.86,40.81,4.681,40.666,0.0
282.15,40.81,4.702,40.679,0.0
283.43,40.81,4.724,40.692,0.0
284.71,40.88,4.745,40.707,0.055
286.0,40.88,4.767,40.724,0.0
287.28,40.88,4.788,40.74,0.0
288.57,40.88,4.81,40.752,0.0
289.85,40.88,4.831,40.764,0.0
291.13,40.88,4.852,40.777,0.0
292.42,40.94,4.874,40.793,0.047
293.7,40.88,4.895,40.805,-0.047
294.98,40.94,4.916,40.818,0.047
296.27,40.94,4.938,40.83,0.0
297.55,40.94,4.959,40.842,0.0
298.83,41.0,4.98,40.858,0.047
300.12,41.0,5.002,40.87,0.0
301.4,41.0,5.023,40.883,0.0
302.68,41.0,5.045,40.896,0.0
303.97,41.06,5.066,40.911,0.047
305.25,41.0,5.088,40.921,-0.047
306.53,41.06,5.109,40.933,0.047
307.82,41.06,5.13,40.946,0.0
309.1,41.13,5.152,40.962,0.055
310.38,41.06,5.173,40.97,-0.055
311.67,41.13,5.195,40.983,0.054
312.95,41.13,5.216,40.996,0.0
314.23,41.13,5.237,41.008,0.0
315.52,41.13,5.259,41.021,0.0
316.8,41.13,5.28,41.033,0.0
318.08,41.13,5.301,41.043,0.0
319.37,41.13,5.323,41.055,0.0
320.65,41.13,5.344,41.064,0.0
321.93,41.13,5.366,41.074,0.0
323.22,41.19,5.387,41.086,0.047
324.5,41.19,5.408,41.096,0.0
325.78,41.19,5.43,41.106,0.0
327.07,41.19,5.451,41.115,0.0
328.35,41.19,5.472,41.124,0.0
329.63,41.19,5.494,41.131,0.0
330.92,41.19,5.515,41.14,0.0
332.2,41.19,5.537,41.147,0.0
333.49,41.25,5.558,41.156,0.047
334.77,41.25,5.579,41.162,0.0
336.05,41.25,5.601,41.172,0.0
337.34,41.25,5.622,41.178,0.0
338.62,41.25,5.644,41.184,0.0
339.9,41.25,5.665,41.19,0.0
341.19,41.25,5.686,41.196,0.0
342.47,41.25,5.708,41.202,0.0
343.75,41.25,5.729,41.208,0.0
345.04,41.25,5.751,41.214,0.0
346.32,41.25,5.772,41.22,0.0
347.6,41.25,5.793,41.226,0.0
348.89,41.25,5.815,41.229,0.0
350.17,41.31,5.836,41.235,0.047
351.45,41.31,5.858,41.241,0.0
352.74,41.31,5.879,41.247,0.0
354.02,41.31,5.9,41.253,0.0
355.3,41.31,5.922,41.259,0.0
356.59,41.31,5.943,41.265,0.0
357.87,41.31,5.964,41.271,0.0
359.15,41.31,5.986,41.274,0.0
360.44,41.31,6.007,41.277,0.0
361.72,41.31,6.029,41.28,0.0
363.0,41.38,6.05,41.287,0.055
364.29,41.38,6.072,41.293,0.0
365.57,41.38,6.093,41.3,0.0
366.85,41.38,6.114,41.306,0.0
368.15,41.38,6.136,41.312,0.0
369.42,41.38,6.157,41.319,0.0
370.7,41.38,6.178,41.326,0.0
371.99,41.38,6.2,41.332,0.0
373.27,41.44,6.221,41.342,0.047
374.56,41.44,6.243,41.351,0.0
375.84,41.44,6.264,41.358,0.0
377.12,41.44,6.285,41.364,0.0
378.4,41.44,6.307,41.371,0.0
379.69,41.5,6.328,41.38,0.047
380.97,41.5,6.35,41.39,0.0
382.26,41.5,6.371,41.399,0.0
383.54,41.5,6.392,41.408,0.0
384.82,41.5,6.414,41.418,0.0
386.11,41.5,6.435,41.428,0.0
387.39,41.5,6.456,41.437,0.0
388.67,41.5,6.478,41.443,0.0
389.96,41.56,6.499,41.452,0.047
391.24,41.5,6.521,41.458,-0.047
392.52,41.56,6.542,41.467,0.047
393.81,41.56,6.564,41.476,0.0
395.09,41.56,6.585,41.485,0.0
396.39,41.56,6.606,41.494,0.0
397.66,41.56,6.628,41.503,0.0
398.95,41.56,6.649,41.509,0.0
400.22,41.56,6.67,41.515,0.0
401.51,41.63,6.692,41.524,0.054
402.79,41.63,6.713,41.534,0.0
404.07,41.63,6.734,41.544,0.0
405.36,41.63,6.756,41.55,0.0
406.64,41.63,6.777,41.556,0.0
407.92,41.63,6.799,41.563,0.0
409.21,41.69,6.82,41.573,0.047
410.49,41.69,6.842,41.582,0.0
411.77,41.63,6.863,41.588,-0.047
413.06,41.69,6.884,41.598,0.047
414.34,41.69,6.906,41.608,0.0
415.62,41.69,6.927,41.614,0.0
416.91,41.69,6.948,41.624,0.0
418.19,41.69,6.97,41.63,0.0
419.48,41.69,6.991,41.636,0.0
420.76,41.75,7.013,41.646,0.047
422.04,41.75,7.034,41.656,0.0
423.33,41.75,7.055,41.665,0.0
424.61,41.75,7.077,41.674,0.0
425.89,41.75,7.098,41.684,0.0
427.18,41.75,7.12,41.69,0.0
428.46,41.75,7.141,41.696,0.0
429.74,41.75,7.162,41.702,0.0
431.03,41.75,7.184,41.708,0.0
432.31,41.75,7.205,41.714,0.0
433.59,41.81,7.226,41.723,0.047
434.88,41.81,7.248,41.729,0.0
436.16,41.81,7.269,41.735,0.0
437.44,41.75,7.291,41.741,-0.047
438.73,41.81,7.312,41.747,0.047
440.01,41.81,7.334,41.753,0.0
441.29,41.81,7.355,41.759,0.0
442.58,41.88,7.376,41.768,0.054
443.86,41.81,7.398,41.774,-0.055
445.14,41.88,7.419,41.784,0.055
446.43,41.88,7.44,41.79,0.0
447.71,41.88,7.462,41.797,0.0
448.99,41.88,7.483,41.804,0.0
450.28,41.88,7.505,41.81,0.0
451.56,41.94,7.526,41.82,0.047
452.84,41.88,7.547,41.826,-0.047
454.13,41.94,7.569,41.836,0.047
455.41,41.94,7.59,41.845,0.0
456.69,41.94,7.612,41.854,0.0
457.98,41.94,7.633,41.864,0.0
459.26,41.94,7.654,41.87,0.0
460.54,41.94,7.676,41.877,0.0
461.83,41.94,7.697,41.884,0.0
463.11,42.0,7.719,41.896,0.047
464.39,41.94,7.74,41.902,-0.047
465.68,42.0,7.761,41.912,0.047
466.96,42.0,7.783,41.922,0.0
468.25,42.0,7.804,41.928,0.0
469.53,42.0,7.826,41.937,0.0
470.81,42.0,7.847,41.943,0.0
472.09,42.0,7.868,41.949,0.0
473.38,42.06,7.89,41.958,0.047
474.66,42.06,7.911,41.967,0.0
475.94,42.0,7.932,41.973,-0.047
477.23,42.06,7.954,41.979,0.047
478.51,42.06,7.975,41.988,0.0
479.8,42.06,7.997,41.994,0.0
481.08,42.06,8.018,42.0,0.0
482.36,42.06,8.039,42.006,0.0
483.65,42.06,8.061,42.012,0.0
484.93,42.13,8.082,42.022,0.055
486.21,42.13,8.104,42.031,0.0
487.5,42.13,8.125,42.04,0.0
488.78,42.13,8.146,42.047,0.0
490.06,42.13,8.168,42.056,0.0
491.35,42.13,8.189,42.063,0.0
492.63,42.13,8.21,42.07,0.0
493.91,42.13,8.232,42.076,0.0
495.2,42.13,8.253,42.082,0.0
496.48,42.19,8.275,42.092,0.047
497.76,42.19,8.296,42.102,0.0
499.05,42.19,8.318,42.108,0.0
500.33,42.19,8.339,42.114,0.0
501.61,42.19,8.36,42.124,0.0
502.9,42.19,8.382,42.13,0.0
504.18,42.19,8.403,42.137,0.0
505.46,42.19,8.424,42.144,0.0
506.75,42.19,8.446,42.15,0.0
508.03,42.25,8.467,42.16,0.047
509.31,42.19,8.488,42.166,-0.047
510.6,42.25,8.51,42.172,0.047
511.88,42.25,8.531,42.178,0.0
513.16,42.19,8.553,42.181,-0.047
514.45,42.25,8.574,42.187,0.047
515.73,42.25,8.596,42.193,0.0
517.01,42.25,8.617,42.199,0.0
518.3,42.25,8.638,42.205,0.0
519.58,42.25,8.66,42.211,0.0
520.86,42.25,8.681,42.217,0.0
522.15,42.25,8.702,42.22,0.0
523.43,42.25,8.724,42.223,0.0
524.71,42.25,8.745,42.226,0.0
526.0,42.25,8.767,42.229,0.0
527.28,42.25,8.788,42.232,0.0
528.57,42.25,8.81,42.235,0.0
529.85,42.25,8.831,42.238,0.0
531.13,42.25,8.852,42.241,0.0
532.42,42.25,8.874,42.244,0.0
533.7,42.25,8.895,42.244,0.0
534.98,42.25,8.916,42.247,0.0
536.27,42.25,8.938,42.247,0.0
537.55,42.25,8.959,42.247,0.0
538.83,42.31,8.981,42.253,0.047
540.12,42.31,9.002,42.256,0.0
541.4,42.25,9.023,42.256,-0.047
542.68,42.31,9.045,42.259,0.047
543.97,42.31,9.066,42.262,0.0
545.25,42.31,9.088,42.265,0.0
546.53,42.25,9.109,42.265,-0.047
547.82,42.31,9.13,42.268,0.047
549.1,42.31,9.152,42.271,0.0
550.38,42.31,9.173,42.274,0.0
551.67,42.31,9.194,42.277,0.0
552.95,42.31,9.216,42.28,0.0
554.23,42.31,9.237,42.283,0.0
555.52,42.31,9.259,42.286,0.0
556.8,42.31,9.28,42.289,0.0
558.08,42.31,9.301,42.292,0.0
559.37,42.38,9.323,42.299,0.054
560.65,42.31,9.344,42.302,-0.055
561.94,42.31,9.366,42.305,0.0
563.22,42.31,9.387,42.308,0.0
564.5,42.38,9.408,42.311,0.055
565.79,42.38,9.43,42.314,0.0
567.07,42.38,9.451,42.321,0.0
568.35,42.38,9.472,42.325,0.0
569.64,42.38,9.494,42.328,0.0
570.92,42.38,9.515,42.332,0.0
572.2,42.38,9.537,42.338,0.0
573.49,42.38,9.558,42.342,0.0
574.77,42.38,9.58,42.345,0.0
576.05,42.44,9.601,42.352,0.047
577.34,42.38,9.622,42.355,-0.047
578.62,42.38,9.644,42.359,0.0
579.9,42.44,9.665,42.365,0.047
581.19,42.38,9.686,42.368,-0.047
582.47,42.38,9.708,42.372,0.0
583.75,42.38,9.729,42.376,0.0
585.04,42.38,9.751,42.376,0.0
586.32,42.38,9.772,42.379,0.0
587.6,42.44,9.793,42.386,0.047
588.89,42.44,9.815,42.392,0.0
590.17,42.44,9.836,42.395,0.0
591.45,42.44,9.858,42.398,0.0
592.74,42.44,9.879,42.401,0.0
594.02,42.44,9.9,42.404,0.0
595.3,42.44,9.922,42.407,0.0
596.59,42.44,9.943,42.41,0.0
597.87,42.44,9.964,42.413,0.0
599.15,42.44,9.986,42.416,0.0
600.44,42.44,10.007,42.419,0.0
601.72,42.44,10.029,42.419,0.0
603.0,42.44,10.05,42.422,0.0
604.29,42.44,10.071,42.425,0.0
605.57,42.44,10.093,42.425,0.0
606.85,42.44,10.114,42.428,0.0
608.14,42.44,10.136,42.431,0.0
609.42,42.44,10.157,42.434,0.0
610.7,42.44,10.178,42.437,0.0
611.99,42.44,10.2,42.44,0.0
613.27,42.5,10.221,42.443,0.047
614.55,42.44,10.242,42.443,-0.047
615.84,42.44,10.264,42.443,0.0
617.12,42.44,10.285,42.443,0.0
618.4,42.5,10.307,42.446,0.047
619.69,42.44,10.328,42.446,-0.047
620.97,42.44,10.35,42.446,0.0
622.26,42.5,10.371,42.449,0.047
623.54,42.5,10.392,42.452,0.0
624.82,42.5,10.414,42.455,0.0
626.11,42.5,10.435,42.458,0.0
627.39,42.5,10.456,42.461,0.0
628.67,42.5,10.478,42.464,0.0
629.96,42.5,10.499,42.467,0.0
631.24,42.5,10.521,42.47,0.0
632.52,42.5,10.542,42.473,0.0
633.81,42.5,10.564,42.476,0.0
635.09,42.5,10.585,42.479,0.0
636.37,42.5,10.606,42.482,0.0
637.66,42.5,10.628,42.485,0.0
638.94,42.5,10.649,42.485,0.0
640.22,42.5,10.67,42.488,0.0
641.51,42.5,10.692,42.491,0.0
642.79,42.5,10.713,42.494,0.0
644.07,42.5,10.734,42.494,0.0
645.36,42.56,10.756,42.5,0.047
646.64,42.56,10.777,42.506,0.0
647.92,42.56,10.799,42.509,0.0
649.21,42.56,10.82,42.512,0.0
650.49,42.56,10.842,42.515,0.0
651.77,42.56,10.863,42.518,0.0
653.06,42.56,10.884,42.521,0.0
654.34,42.56,10.906,42.524,0.0
655.63,42.56,10.927,42.527,0.0
656.91,42.56,10.948,42.53,0.0
658.19,42.63,10.97,42.537,0.055
659.48,42.56,10.991,42.54,-0.054
660.76,42.56,11.013,42.543,0.0
662.04,42.56,11.034,42.546,0.0
663.33,42.63,11.056,42.552,0.054
664.61,42.56,11.077,42.555,-0.055
665.89,42.63,11.098,42.562,0.055
667.18,42.63,11.12,42.568,0.0
668.46,42.63,11.141,42.574,0.0
669.74,42.63,11.162,42.581,0.0
671.03,42.63,11.184,42.585,0.0
672.31,42.63,11.205,42.588,0.0
673.59,42.63,11.226,42.592,0.0
674.88,42.63,11.248,42.595,0.0
676.16,42.63,11.269,42.599,0.0
677.44,42.63,11.291,42.602,0.0
678.73,42.63,11.312,42.606,0.0
680.01,42.63,11.333,42.609,0.0
681.29,42.63,11.355,42.613,0.0
682.58,42.63,11.376,42.616,0.0
683.86,42.63,11.398,42.616,0.0
685.14,42.63,11.419,42.62,0.0
686.43,42.63,11.44,42.623,0.0
687.71,42.63,11.462,42.627,0.0
688.99,42.63,11.483,42.626,0.0
690.28,42.63,11.505,42.63,0.0
691.56,42.63,11.526,42.63,0.0
692.84,42.63,11.547,42.63,0.0
694.13,42.63,11.569,42.63,0.0
695.41,42.63,11.59,42.63,0.0
696.69,42.63,11.612,42.63,0.0
697.98,42.63,11.633,42.63,0.0
699.26,42.63,11.654,42.63,0.0
700.54,42.63,11.676,42.63,0.0
701.83,42.63,11.697,42.63,0.0
703.11,42.63,11.718,42.63,0.0
704.39,42.63,11.74,42.63,0.0
705.68,42.63,11.761,42.63,0.0
706.96,42.63,11.783,42.63,0.0
708.24,42.63,11.804,42.63,0.0
709.53,42.63,11.826,42.63,0.0
710.81,42.63,11.847,42.63,0.0
712.09,42.63,11.868,42.63,0.0
713.38,42.63,11.89,42.63,0.0
714.66,42.63,11.911,42.63,0.0
715.94,42.63,11.932,42.63,0.0
717.23,42.63,11.954,42.63,0.0
718.51,42.63,11.975,42.63,0.0
719.8,42.63,11.997,42.63,0.0
721.08,42.63,12.018,42.63,0.0
722.36,42.63,12.039,42.63,0.0
723.65,42.63,12.061,42.63,0.0
724.93,42.63,12.082,42.63,0.0
726.21,42.63,12.104,42.63,0.0
727.5,42.63,12.125,42.63,0.0
728.78,42.63,12.146,42.63,0.0
730.06,42.69,12.168,42.633,0.047
731.35,42.63,12.189,42.633,-0.047
732.63,42.63,12.21,42.633,0.0
733.91,42.63,12.232,42.633,0.0
735.2,42.63,12.253,42.633,0.0
736.48,42.63,12.275,42.633,0.0
737.76,42.63,12.296,42.633,0.0
739.05,42.63,12.317,42.633,0.0
740.33,42.63,12.339,42.633,0.0
741.61,42.63,12.36,42.633,0.0
742.9,42.63,12.382,42.633,0.0
744.18,42.63,12.403,42.633,0.0
745.46,42.63,12.424,42.633,0.0
746.75,42.63,12.446,42.633,0.0
748.03,42.63,12.467,42.633,0.0
749.31,42.63,12.488,42.633,0.0
750.6,42.63,12.51,42.633,0.0
751.88,42.63,12.531,42.633,0.0
753.16,42.63,12.553,42.633,0.0
754.45,42.63,12.574,42.633,0.0
755.73,42.63,12.596,42.63,0.0
757.02,42.63,12.617,42.63,0.0
758.3,42.63,12.638,42.63,0.0
759.58,42.69,12.66,42.633,0.047
760.87,42.69,12.681,42.636,0.0
762.15,42.63,12.702,42.636,-0.047
763.43,42.63,12.724,42.636,0.0
764.72,42.63,12.745,42.636,0.0
766.0,42.56,12.767,42.633,-0.055
767.28,42.63,12.788,42.633,0.055
768.57,42.56,12.81,42.629,-0.054
769.85,42.63,12.831,42.629,0.055
771.13,42.56,12.852,42.626,-0.055
772.42,42.56,12.874,42.622,0.0
773.7,42.56,12.895,42.618,0.0
774.98,42.56,12.916,42.615,0.0
776.27,42.56,12.938,42.612,0.0
777.55,42.56,12.959,42.608,0.0
778.83,42.5,12.981,42.602,-0.047
780.12,42.56,13.002,42.598,0.047
781.4,42.56,13.023,42.594,0.0
782.68,42.5,13.045,42.588,-0.047
783.97,42.56,13.066,42.585,0.047
785.25,42.56,13.088,42.578,0.0
786.53,42.5,13.109,42.568,-0.047
787.82,42.5,13.13,42.562,0.0
789.1,42.5,13.152,42.556,0.0
790.38,42.56,13.173,42.552,0.047
791.67,42.5,13.194,42.549,-0.047
792.95,42.5,13.216,42.543,0.0
794.23,42.5,13.237,42.54,0.0
795.52,42.5,13.259,42.533,0.0
796.8,42.5,13.28,42.53,0.0
798.08,42.5,13.301,42.527,0.0
799.37,42.5,13.323,42.524,0.0
800.65,42.5,13.344,42.521,0.0
801.93,42.5,13.365,42.518,0.0
803.22,42.5,13.387,42.515,0.0
804.5,42.5,13.408,42.515,0.0
805.79,42.5,13.43,42.512,0.0
807.07,42.5,13.451,42.509,0.0
808.35,42.5,13.472,42.509,0.0
809.63,42.5,13.494,42.506,0.0
810.92,42.5,13.515,42.503,0.0
812.2,42.5,13.537,42.503,0.0
813.5,42.5,13.558,42.503,0.0
814.77,42.5,13.58,42.503,0.0
816.05,42.5,13.601,42.5,0.0
817.34,42.5,13.622,42.5,0.0
818.62,42.5,13.644,42.5,0.0
819.9,42.5,13.665,42.5,0.0
821.19,42.5,13.686,42.5,0.0
822.47,42.5,13.708,42.5,0.0
823.75,42.5,13.729,42.5,0.0
825.04,42.5,13.751,42.5,0.0
826.32,42.44,13.772,42.497,-0.047
827.6,42.44,13.793,42.494,0.0
828.89,42.44,13.815,42.491,0.0
830.17,42.44,13.836,42.488,0.0
831.45,42.5,13.858,42.488,0.047
832.74,42.44,13.879,42.485,-0.047
834.02,42.5,13.9,42.485,0.047
835.3,42.5,13.922,42.485,0.0
836.59,42.5,13.943,42.485,0.0
837.87,42.5,13.964,42.485,0.0
839.15,42.5,13.986,42.485,0.0
840.44,42.44,14.007,42.482,-0.047
841.72,42.5,14.029,42.482,0.047
843.0,42.5,14.05,42.482,0.0
844.29,42.5,14.071,42.482,0.0
845.57,42.5,14.093,42.482,0.0
846.86,42.5,14.114,42.482,0.0
848.14,42.5,14.136,42.482,0.0
849.42,42.5,14.157,42.482,0.0
850.71,42.5,14.179,42.482,0.0
851.99,42.5,14.2,42.485,0.0
853.27,42.5,14.221,42.488,0.0
854.55,42.5,14.242,42.491,0.0
855.84,42.5,14.264,42.494,0.0
857.13,42.5,14.286,42.494,0.0
858.41,42.5,14.307,42.497,0.0
859.69,42.5,14.328,42.497,0.0
860.97,42.5,14.35,42.497,0.0
862.26,42.5,14.371,42.497,0.0
863.54,42.56,14.392,42.5,0.047
864.82,42.5,14.414,42.5,-0.047
866.11,42.56,14.435,42.506,0.047
867.39,42.56,14.456,42.509,0.0
868.67,42.56,14.478,42.512,0.0
869.96,42.56,14.499,42.515,0.0
871.24,42.56,14.521,42.518,0.0
872.52,42.56,14.542,42.521,0.0
873.81,42.56,14.564,42.524,0.0
875.09,42.56,14.585,42.527,0.0
876.37,42.56,14.606,42.53,0.0
877.66,42.56,14.628,42.533,0.0
878.94,42.63,14.649,42.54,0.055
880.22,42.56,14.67,42.543,-0.055
881.51,42.56,14.692,42.546,0.0
882.79,42.56,14.713,42.549,0.0
884.07,42.56,14.734,42.552,0.0
885.36,42.63,14.756,42.558,0.054
886.64,42.63,14.777,42.564,0.0
887.92,42.63,14.799,42.571,0.0
889.21,42.63,14.82,42.575,0.0
