time_s,time_min,temp_c,rolling_avg,rate_of_change,cumulative_max,phase,percentile
0.0,0.0,29.69,29.69,,29.69,Heating phase,1.4
2.36,0.039,29.69,29.69,0.0,29.69,Heating phase,1.4
3.64,0.061,29.69,29.69,0.0,29.69,Heating phase,1.4
4.93,0.082,29.75,29.705,0.047,29.75,Heating phase,2.0
6.21,0.104,29.75,29.714,0.0,29.75,Heating phase,2.0
7.5,0.125,29.69,29.71,-0.047,29.75,Heating phase,1.4
8.78,0.146,29.62,29.697,-0.055,29.75,Heating phase,1.2
10.06,0.168,29.5,29.672,-0.094,29.75,Heating phase,1.0
11.35,0.189,29.37,29.639,-0.101,29.75,Heating phase,0.9
12.63,0.211,29.25,29.6,-0.094,29.75,Heating phase,0.6
13.91,0.232,29.12,29.556,-0.102,29.75,Heating phase,0.4
15.2,0.253,29.0,29.51,-0.093,29.75,Heating phase,0.1
16.48,0.275,28.87,29.461,-0.102,29.75,Heating phase,0.0
17.76,0.296,29.0,29.428,0.102,29.75,Heating phase,0.1
19.05,0.318,29.25,29.416,0.194,29.75,Heating phase,0.6
20.33,0.339,29.62,29.429,0.289,29.75,Heating phase,1.2
21.61,0.36,29.87,29.455,0.195,29.87,Heating phase,2.3
22.9,0.382,30.19,29.496,0.248,30.19,Heating phase,2.5
24.18,0.403,30.44,29.545,0.195,30.44,Heating phase,2.6
25.46,0.424,30.75,29.606,0.242,30.75,Heating phase,2.7
26.75,0.446,31.0,29.671,0.194,31.0,Heating phase,2.9
28.03,0.467,31.19,29.746,0.148,31.19,Heating phase,3.0
29.31,0.488,31.5,29.836,0.242,31.5,Heating phase,3.2
30.6,0.51,31.62,29.93,0.093,31.62,Heating phase,3.3
31.88,0.531,31.87,30.036,0.195,31.87,Heating phase,3.5
33.16,0.553,32.06,30.155,0.148,32.06,Heating phase,3.6
34.45,0.574,32.25,30.286,0.147,32.25,Heating phase,3.8
35.73,0.595,32.44,30.433,0.148,32.44,Heating phase,3.9
37.01,0.617,32.63,30.596,0.148,32.63,Heating phase,4.0
38.3,0.638,32.69,30.768,0.047,32.69,Heating phase,4.2
39.58,0.66,32.88,30.956,0.148,32.88,Heating phase,4.3
40.86,0.681,33.0,31.156,0.094,33.0,Heating phase,4.5
42.15,0.702,33.19,31.372,0.147,33.19,Heating phase,4.6
43.43,0.724,33.31,31.588,0.094,33.31,Heating phase,4.8
44.71,0.745,33.44,31.797,0.102,33.44,Heating phase,4.9
46.0,0.767,33.56,31.994,0.093,33.56,Heating phase,5.1
47.28,0.788,33.69,32.185,0.102,33.69,Heating phase,5.2
48.56,0.809,33.81,32.366,0.094,33.81,Heating phase,5.3
49.85,0.831,33.94,32.541,0.101,33.94,Heating phase,5.5
51.13,0.852,34.06,32.706,0.094,34.06,Heating phase,5.6
52.41,0.874,34.19,32.866,0.102,34.19,Heating phase,5.8
53.7,0.895,34.31,33.022,0.093,34.31,Heating phase,5.9
54.98,0.916,34.38,33.166,0.055,34.38,Heating phase,6.1
56.26,0.938,34.5,33.31,0.094,34.5,Heating phase,6.2
57.55,0.959,34.56,33.445,0.047,34.56,Heating phase,6.4
58.83,0.98,34.69,33.576,0.102,34.69,Heating phase,6.5
60.11,1.002,34.81,33.704,0.094,34.81,Heating phase,6.6
61.4,1.023,34.88,33.826,0.054,34.88,Heating phase,6.8
62.68,1.045,35.0,33.944,0.094,35.0,Heating phase,6.9
63.97,1.066,35.06,34.063,0.047,35.06,Heating phase,7.1
65.25,1.088,35.19,34.178,0.102,35.19,Heating phase,7.2
66.53,1.109,35.25,34.291,0.047,35.25,Heating phase,7.4
67.82,1.13,35.31,34.397,0.047,35.31,Heating phase,7.5
69.1,1.152,35.44,34.504,0.102,35.44,Heating phase,7.7
70.38,1.173,35.5,34.606,0.047,35.5,Heating phase,7.8
71.67,1.195,35.56,34.706,0.047,35.56,Heating phase,7.9
72.95,1.216,35.69,34.806,0.102,35.69,Heating phase,8.1
74.23,1.237,35.75,34.904,0.047,35.75,Heating phase,8.2
75.52,1.259,35.81,34.997,0.047,35.81,Heating phase,8.4
76.8,1.28,35.94,35.091,0.102,35.94,Heating phase,8.5
78.08,1.301,36.0,35.182,0.047,36.0,Heating phase,8.7
79.37,1.323,36.06,35.269,0.047,36.06,Heating phase,8.8
80.65,1.344,36.13,35.356,0.055,36.13,Heating phase,9.0
81.93,1.366,36.19,35.441,0.047,36.19,Heating phase,9.1
83.22,1.387,36.25,35.526,0.047,36.25,Heating phase,9.2
84.5,1.408,36.38,35.61,0.102,36.38,Heating phase,9.4
85.78,1.43,36.38,35.688,0.0,36.38,Heating phase,9.4
87.07,1.451,36.44,35.766,0.047,36.44,Heating phase,9.7
88.35,1.472,36.5,35.842,0.047,36.5,Heating phase,9.8
89.65,1.494,36.56,35.916,0.046,36.56,Heating phase,10.0
90.92,1.515,36.63,35.988,0.055,36.63,Heating phase,10.1
92.2,1.537,36.69,36.061,0.047,36.69,Heating phase,10.3
93.48,1.558,36.75,36.133,0.047,36.75,Heating phase,10.4
94.77,1.58,36.81,36.201,0.047,36.81,Heating phase,10.5
96.05,1.601,36.88,36.27,0.055,36.88,Heating phase,10.7
97.33,1.622,36.94,36.339,0.047,36.94,Heating phase,10.8
98.62,1.644,37.0,36.404,0.047,37.0,Heating phase,11.0
99.9,1.665,37.06,36.47,0.047,37.06,Heating phase,11.1
101.19,1.686,37.13,36.536,0.054,37.13,Heating phase,11.3
102.47,1.708,37.13,36.596,0.0,37.13,Heating phase,11.3
103.75,1.729,37.19,36.655,0.047,37.19,Heating phase,11.6
105.04,1.751,37.25,36.714,0.047,37.25,Heating phase,11.7
106.32,1.772,37.31,36.774,0.047,37.31,Heating phase,11.8
107.6,1.793,37.38,36.833,0.055,37.38,Heating phase,12.0
108.89,1.815,37.44,36.892,0.047,37.44,Heating phase,12.1
110.17,1.836,37.5,36.948,0.047,37.5,Heating phase,12.3
111.46,1.858,37.56,37.008,0.047,37.56,Heating phase,12.4
112.74,1.879,37.56,37.064,0.0,37.56,Heating phase,12.4
114.02,1.9,37.63,37.12,0.055,37.63,Heating phase,12.7
115.3,1.922,37.69,37.176,0.047,37.69,Heating phase,12.9
116.59,1.943,37.75,37.232,0.047,37.75,Heating phase,13.0
117.87,1.965,37.75,37.286,0.0,37.75,Heating phase,13.0
119.15,1.986,37.81,37.338,0.047,37.81,Heating phase,13.3
120.44,2.007,37.88,37.392,0.054,37.88,Heating phase,13.4
121.72,2.029,37.94,37.445,0.047,37.94,Heating phase,13.6
123.0,2.05,37.94,37.495,0.0,37.94,Heating phase,13.6
124.29,2.072,38.0,37.545,0.047,38.0,Heating phase,13.9
125.57,2.093,38.06,37.595,0.047,38.06,Heating phase,14.0
126.85,2.114,38.06,37.642,0.0,38.06,Heating phase,14.0
128.14,2.136,38.13,37.692,0.054,38.13,Heating phase,14.3
129.42,2.157,38.19,37.741,0.047,38.19,Heating phase,14.5
130.7,2.178,38.25,37.792,0.047,38.25,Heating phase,14.6
131.99,2.2,38.25,37.838,0.0,38.25,Heating phase,14.6
133.28,2.221,38.31,37.885,0.047,38.31,Heating phase,14.9
134.56,2.243,38.31,37.928,0.0,38.31,Heating phase,14.9
135.84,2.264,38.38,37.973,0.055,38.38,Heating phase,15.2
137.12,2.285,38.44,38.016,0.047,38.44,Heating phase,15.3
138.4,2.307,38.44,38.061,0.0,38.44,Heating phase,15.3
139.69,2.328,38.5,38.104,0.047,38.5,Heating phase,15.6
140.97,2.35,38.5,38.145,0.0,38.5,Heating phase,15.6
142.25,2.371,38.56,38.185,0.047,38.56,Heating phase,15.9
143.54,2.392,38.63,38.229,0.054,38.63,Heating phase,16.0
144.82,2.414,38.63,38.27,0.0,38.63,Heating phase,16.0
146.11,2.435,38.69,38.311,0.047,38.69,Heating phase,16.3
147.39,2.456,38.69,38.348,0.0,38.69,Heating phase,16.3
148.67,2.478,38.69,38.386,0.0,38.69,Heating phase,16.3
149.96,2.499,38.75,38.423,0.047,38.75,Heating phase,16.8
151.24,2.521,38.81,38.46,0.047,38.81,Heating phase,16.9
152.52,2.542,38.81,38.498,0.0,38.81,Heating phase,16.9
153.81,2.564,38.88,38.536,0.054,38.88,Heating phase,17.2
155.09,2.585,38.88,38.57,0.0,38.88,Heating phase,17.2
156.37,2.606,38.88,38.602,0.0,38.88,Heating phase,17.2
157.66,2.628,38.94,38.636,0.047,38.94,Heating phase,17.6
158.94,2.649,38.94,38.668,0.0,38.94,Heating phase,17.6
160.22,2.67,39.0,38.702,0.047,39.0,Heating phase,17.9
161.51,2.692,39.0,38.733,0.0,39.0,Heating phase,17.9
162.79,2.713,39.06,38.764,0.047,39.06,Heating phase,18.2
164.07,2.734,39.06,38.795,0.0,39.06,Heating phase,18.2
165.36,2.756,39.13,38.826,0.054,39.13,Heating phase,18.5
166.64,2.777,39.13,38.858,0.0,39.13,Heating phase,18.5
167.92,2.799,39.13,38.886,0.0,39.13,Heating phase,18.5
169.21,2.82,39.19,38.914,0.047,39.19,Heating phase,18.9
170.49,2.842,39.19,38.942,0.0,39.19,Heating phase,18.9
171.77,2.863,39.25,38.97,0.047,39.25,Heating phase,19.2
173.06,2.884,39.25,38.998,0.0,39.25,Heating phase,19.2
174.34,2.906,39.31,39.03,0.047,39.31,Heating phase,19.5
175.62,2.927,39.31,39.058,0.0,39.31,Heating phase,19.5
176.91,2.948,39.38,39.086,0.054,39.38,Heating phase,19.8
178.19,2.97,39.38,39.114,0.0,39.38,Heating phase,19.8
179.47,2.991,39.38,39.14,0.0,39.38,Heating phase,19.8
180.76,3.013,39.38,39.164,0.0,39.38,Heating phase,19.8
182.04,3.034,39.44,39.192,0.047,39.44,Heating phase,20.4
183.32,3.055,39.44,39.218,0.0,39.44,Heating phase,20.4
184.61,3.077,39.5,39.246,0.047,39.5,Heating phase,20.7
185.89,3.098,39.5,39.27,0.0,39.5,Heating phase,20.7
187.17,3.12,39.56,39.299,0.047,39.56,Heating phase,21.0
188.46,3.141,39.56,39.324,0.0,39.56,Heating phase,21.0
189.74,3.162,39.56,39.348,0.0,39.56,Heating phase,21.0
191.02,3.184,39.63,39.374,0.055,39.63,Heating phase,21.4
192.31,3.205,39.63,39.398,0.0,39.63,Heating phase,21.4
193.59,3.226,39.63,39.424,0.0,39.63,Heating phase,21.4
194.88,3.248,39.69,39.448,0.047,39.69,Heating phase,21.8
196.16,3.269,39.69,39.474,0.0,39.69,Heating phase,21.8
197.44,3.291,39.69,39.496,0.0,39.69,Heating phase,21.8
198.73,3.312,39.75,39.52,0.047,39.75,Heating phase,22.3
200.01,3.334,39.75,39.542,0.0,39.75,Heating phase,22.3
201.29,3.355,39.75,39.564,0.0,39.75,Heating phase,22.3
202.58,3.376,39.75,39.583,0.0,39.75,Heating phase,22.3
203.86,3.398,39.81,39.604,0.047,39.81,Heating phase,22.8
205.14,3.419,39.81,39.626,0.0,39.81,Heating phase,22.8
206.43,3.44,39.81,39.648,0.0,39.81,Heating phase,22.8
207.71,3.462,39.88,39.67,0.055,39.88,Heating phase,23.3
208.99,3.483,39.88,39.692,0.0,39.88,Heating phase,23.3
210.28,3.505,39.88,39.71,0.0,39.88,Heating phase,23.3
211.56,3.526,39.94,39.732,0.047,39.94,Heating phase,23.7
212.84,3.547,39.94,39.752,0.0,39.94,Heating phase,23.7
214.13,3.569,39.94,39.771,0.0,39.94,Heating phase,23.7
215.41,3.59,40.0,39.793,0.047,40.0,Heating phase,24.1
216.69,3.612,40.0,39.811,0.0,40.0,Heating phase,24.1
217.98,3.633,40.06,39.832,0.047,40.06,Heating phase,24.6
219.26,3.654,40.0,39.851,-0.047,40.06,Heating phase,24.1
220.54,3.676,40.06,39.87,0.047,40.06,Heating phase,24.6
221.83,3.697,40.06,39.888,0.0,40.06,Heating phase,24.6
223.11,3.718,40.13,39.91,0.055,40.13,Heating phase,25.0
224.39,3.74,40.13,39.929,0.0,40.13,Heating phase,25.0
225.68,3.761,40.13,39.948,0.0,40.13,Heating phase,25.0
226.96,3.783,40.19,39.97,0.047,40.19,Heating phase,25.4
228.24,3.804,40.19,39.992,0.0,40.19,Heating phase,25.4
229.53,3.826,40.19,40.011,0.0,40.19,Heating phase,25.4
230.81,3.847,40.19,40.03,0.0,40.19,Heating phase,25.4
232.09,3.868,40.25,40.052,0.047,40.25,Heating phase,26.0
233.38,3.89,40.25,40.07,0.0,40.25,Heating phase,26.0
234.66,3.911,40.25,40.089,0.0,40.25,Heating phase,26.0
235.95,3.932,40.25,40.108,0.0,40.25,Heating phase,26.0
237.23,3.954,40.31,40.126,0.047,40.31,Heating phase,26.6
238.51,3.975,40.31,40.144,0.0,40.31,Heating phase,26.6
239.8,3.997,40.31,40.163,0.0,40.31,Heating phase,26.6
241.08,4.018,40.38,40.182,0.055,40.38,Heating phase,27.0
242.36,4.039,40.38,40.201,0.0,40.38,Heating phase,27.0
243.64,4.061,40.38,40.217,0.0,40.38,Heating phase,27.0
244.93,4.082,40.38,40.236,0.0,40.38,Heating phase,27.0
246.21,4.104,40.44,40.255,0.047,40.44,Heating phase,27.6
247.5,4.125,40.44,40.274,0.0,40.44,Heating phase,27.6
248.78,4.146,40.44,40.29,0.0,40.44,Heating phase,27.6
250.06,4.168,40.44,40.305,0.0,40.44,Heating phase,27.6
251.35,4.189,40.5,40.324,0.047,40.5,Heating phase,28.2
252.63,4.21,40.5,40.339,0.0,40.5,Heating phase,28.2
253.91,4.232,40.5,40.354,0.0,40.5,Heating phase,28.2
255.2,4.253,40.5,40.37,0.0,40.5,Heating phase,28.2
256.48,4.275,40.56,40.389,0.047,40.56,Heating phase,28.8
257.76,4.296,40.56,40.404,0.0,40.56,Heating phase,28.8
259.05,4.318,40.56,40.42,0.0,40.56,Heating phase,28.8
260.33,4.339,40.56,40.435,0.0,40.56,Heating phase,28.8
261.61,4.36,40.56,40.451,0.0,40.56,Heating phase,28.8
262.9,4.382,40.63,40.466,0.054,40.63,Heating phase,29.5
264.18,4.403,40.63,40.482,0.0,40.63,Heating phase,29.5
265.46,4.424,40.63,40.498,0.0,40.63,Heating phase,29.5
266.75,4.446,40.63,40.511,0.0,40.63,Heating phase,29.5
268.03,4.467,40.63,40.524,0.0,40.63,Heating phase,29.5
269.31,4.488,40.69,40.539,0.047,40.69,Heating phase,30.2
270.6,4.51,40.69,40.555,0.0,40.69,Heating phase,30.2
271.88,4.531,40.69,40.567,0.0,40.69,Heating phase,30.2
273.16,4.553,40.69,40.58,0.0,40.69,Heating phase,30.2
274.45,4.574,40.75,40.595,0.047,40.75,Heating phase,30.8
275.73,4.596,40.75,40.61,0.0,40.75,Heating phase,30.8
277.01,4.617,40.75,40.623,0.0,40.75,Heating phase,30.8
278.3,4.638,40.75,40.636,0.0,40.75,Heating phase,30.8
279.58,4.66,40.81,40.651,0.047,40.81,Heating phase,31.4
280.86,4.681,40.81,40.666,0.0,40.81,Heating phase,31.4
282.15,4.702,40.81,40.679,0.0,40.81,Heating phase,31.4
283.43,4.724,40.81,40.692,0.0,40.81,Heating phase,31.4
284.71,4.745,40.88,40.707,0.055,40.88,Heating phase,31.9
286.0,4.767,40.88,40.724,0.0,40.88,Heating phase,31.9
287.28,4.788,40.88,40.74,0.0,40.88,Heating phase,31.9
288.57,4.81,40.88,40.752,0.0,40.88,Heating phase,31.9
289.85,4.831,40.88,40.764,0.0,40.88,Heating phase,31.9
291.13,4.852,40.88,40.777,0.0,40.88,Heating phase,31.9
292.42,4.874,40.94,40.793,0.047,40.94,Heating phase,32.9
293.7,4.895,40.88,40.805,-0.047,40.94,Heating phase,31.9
294.98,4.916,40.94,40.818,0.047,40.94,Heating phase,32.9
296.27,4.938,40.94,40.83,0.0,40.94,Heating phase,32.9
297.55,4.959,40.94,40.842,0.0,40.94,Heating phase,32.9
298.83,4.98,41.0,40.858,0.047,41.0,Heating phase,33.5
300.12,5.002,41.0,40.87,0.0,41.0,Heating phase,33.5
301.4,5.023,41.0,40.883,0.0,41.0,Heating phase,33.5
302.68,5.045,41.0,40.896,0.0,41.0,Heating phase,33.5
303.97,5.066,41.06,40.911,0.047,41.06,Heating phase,34.2
305.25,5.088,41.0,40.921,-0.047,41.06,Heating phase,33.5
306.53,5.109,41.06,40.933,0.047,41.06,Heating phase,34.2
307.82,5.13,41.06,40.946,0.0,41.06,Heating phase,34.2
309.1,5.152,41.13,40.962,0.055,41.13,Heating phase,34.8
310.38,5.173,41.06,40.97,-0.055,41.13,Heating phase,34.2
311.67,5.195,41.13,40.983,0.054,41.13,Heating phase,34.8
312.95,5.216,41.13,40.996,0.0,41.13,Heating phase,34.8
314.23,5.237,41.13,41.008,0.0,41.13,Heating phase,34.8
315.52,5.259,41.13,41.021,0.0,41.13,Heating phase,34.8
316.8,5.28,41.13,41.033,0.0,41.13,Heating phase,34.8
318.08,5.301,41.13,41.043,0.0,41.13,Heating phase,34.8
319.37,5.323,41.13,41.055,0.0,41.13,Heating phase,34.8
320.65,5.344,41.13,41.064,0.0,41.13,Heating phase,34.8
321.93,5.366,41.13,41.074,0.0,41.13,Heating phase,34.8
323.22,5.387,41.19,41.086,0.047,41.19,Heating phase,36.3
324.5,5.408,41.19,41.096,0.0,41.19,Heating phase,36.3
325.78,5.43,41.19,41.106,0.0,41.19,Heating phase,36.3
327.07,5.451,41.19,41.115,0.0,41.19,Heating phase,36.3
328.35,5.472,41.19,41.124,0.0,41.19,Heating phase,36.3
329.63,5.494,41.19,41.131,0.0,41.19,Heating phase,36.3
330.92,5.515,41.19,41.14,0.0,41.19,Heating phase,36.3
332.2,5.537,41.19,41.147,0.0,41.19,Heating phase,36.3
333.49,5.558,41.25,41.156,0.047,41.25,Heating phase,37.4
334.77,5.579,41.25,41.162,0.0,41.25,Heating phase,37.4
336.05,5.601,41.25,41.172,0.0,41.25,Heating phase,37.4
337.34,5.622,41.25,41.178,0.0,41.25,Heating phase,37.4
338.62,5.644,41.25,41.184,0.0,41.25,Heating phase,37.4
339.9,5.665,41.25,41.19,0.0,41.25,Heating phase,37.4
341.19,5.686,41.25,41.196,0.0,41.25,Heating phase,37.4
342.47,5.708,41.25,41.202,0.0,41.25,Heating phase,37.4
343.75,5.729,41.25,41.208,0.0,41.25,Heating phase,37.4
345.04,5.751,41.25,41.214,0.0,41.25,Heating phase,37.4
346.32,5.772,41.25,41.22,0.0,41.25,Heating phase,37.4
347.6,5.793,41.25,41.226,0.0,41.25,Heating phase,37.4
348.89,5.815,41.25,41.229,0.0,41.25,Heating phase,37.4
350.17,5.836,41.31,41.235,0.047,41.31,Heating phase,39.3
351.45,5.858,41.31,41.241,0.0,41.31,Heating phase,39.3
352.74,5.879,41.31,41.247,0.0,41.31,Heating phase,39.3
354.02,5.9,41.31,41.253,0.0,41.31,Heating phase,39.3
355.3,5.922,41.31,41.259,0.0,41.31,Heating phase,39.3
356.59,5.943,41.31,41.265,0.0,41.31,Heating phase,39.3
357.87,5.964,41.31,41.271,0.0,41.31,Heating phase,39.3
359.15,5.986,41.31,41.274,0.0,41.31,Heating phase,39.3
360.44,6.007,41.31,41.277,0.0,41.31,Heating phase,39.3
361.72,6.029,41.31,41.28,0.0,41.31,Heating phase,39.3
363.0,6.05,41.38,41.287,0.055,41.38,Heating phase,40.8
364.29,6.072,41.38,41.293,0.0,41.38,Heating phase,40.8
365.57,6.093,41.38,41.3,0.0,41.38,Heating phase,40.8
366.85,6.114,41.38,41.306,0.0,41.38,Heating phase,40.8
368.15,6.136,41.38,41.312,0.0,41.38,Heating phase,40.8
369.42,6.157,41.38,41.319,0.0,41.38,Heating phase,40.8
370.7,6.178,41.38,41.326,0.0,41.38,Heating phase,40.8
371.99,6.2,41.38,41.332,0.0,41.38,Heating phase,40.8
373.27,6.221,41.44,41.342,0.047,41.44,Heating phase,41.9
374.56,6.243,41.44,41.351,0.0,41.44,Heating phase,41.9
375.84,6.264,41.44,41.358,0.0,41.44,Heating phase,41.9
377.12,6.285,41.44,41.364,0.0,41.44,Heating phase,41.9
378.4,6.307,41.44,41.371,0.0,41.44,Heating phase,41.9
379.69,6.328,41.5,41.38,0.047,41.5,Heating phase,42.6
380.97,6.35,41.5,41.39,0.0,41.5,Heating phase,42.6
382.26,6.371,41.5,41.399,0.0,41.5,Heating phase,42.6
383.54,6.392,41.5,41.408,0.0,41.5,Heating phase,42.6
384.82,6.414,41.5,41.418,0.0,41.5,Heating phase,42.6
386.11,6.435,41.5,41.428,0.0,41.5,Heating phase,42.6
387.39,6.456,41.5,41.437,0.0,41.5,Heating phase,42.6
388.67,6.478,41.5,41.443,0.0,41.5,Heating phase,42.6
389.96,6.499,41.56,41.452,0.047,41.56,Heating phase,43.9
391.24,6.521,41.5,41.458,-0.047,41.56,Heating phase,42.6
392.52,6.542,41.56,41.467,0.047,41.56,Heating phase,43.9
393.81,6.564,41.56,41.476,0.0,41.56,Heating phase,43.9
395.09,6.585,41.56,41.485,0.0,41.56,Heating phase,43.9
396.39,6.606,41.56,41.494,0.0,41.56,Heating phase,43.9
397.66,6.628,41.56,41.503,0.0,41.56,Heating phase,43.9
398.95,6.649,41.56,41.509,0.0,41.56,Heating phase,43.9
400.22,6.67,41.56,41.515,0.0,41.56,Heating phase,43.9
401.51,6.692,41.63,41.524,0.054,41.63,Heating phase,45.1
402.79,6.713,41.63,41.534,0.0,41.63,Heating phase,45.1
404.07,6.734,41.63,41.544,0.0,41.63,Heating phase,45.1
405.36,6.756,41.63,41.55,0.0,41.63,Heating phase,45.1
406.64,6.777,41.63,41.556,0.0,41.63,Heating phase,45.1
407.92,6.799,41.63,41.563,0.0,41.63,Heating phase,45.1
409.21,6.82,41.69,41.573,0.047,41.69,Heating phase,46.1
410.49,6.842,41.69,41.582,0.0,41.69,Heating phase,46.1
411.77,6.863,41.63,41.588,-0.047,41.69,Heating phase,45.1
413.06,6.884,41.69,41.598,0.047,41.69,Heating phase,46.1
414.34,6.906,41.69,41.608,0.0,41.69,Heating phase,46.1
415.62,6.927,41.69,41.614,0.0,41.69,Heating phase,46.1
416.91,6.948,41.69,41.624,0.0,41.69,Heating phase,46.1
418.19,6.97,41.69,41.63,0.0,41.69,Heating phase,46.1
419.48,6.991,41.69,41.636,0.0,41.69,Heating phase,46.1
420.76,7.013,41.75,41.646,0.047,41.75,Heating phase,47.3
422.04,7.034,41.75,41.656,0.0,41.75,Heating phase,47.3
423.33,7.055,41.75,41.665,0.0,41.75,Heating phase,47.3
424.61,7.077,41.75,41.674,0.0,41.75,Heating phase,47.3
425.89,7.098,41.75,41.684,0.0,41.75,Heating phase,47.3
427.18,7.12,41.75,41.69,0.0,41.75,Heating phase,47.3
428.46,7.141,41.75,41.696,0.0,41.75,Heating phase,47.3
429.74,7.162,41.75,41.702,0.0,41.75,Heating phase,47.3
431.03,7.184,41.75,41.708,0.0,41.75,Heating phase,47.3
432.31,7.205,41.75,41.714,0.0,41.75,Heating phase,47.3
433.59,7.226,41.81,41.723,0.047,41.81,Heating phase,48.8
434.88,7.248,41.81,41.729,0.0,41.81,Heating phase,48.8
436.16,7.269,41.81,41.735,0.0,41.81,Heating phase,48.8
437.44,7.291,41.75,41.741,-0.047,41.81,Heating phase,47.3
438.73,7.312,41.81,41.747,0.047,41.81,Heating phase,48.8
440.01,7.334,41.81,41.753,0.0,41.81,Heating phase,48.8
441.29,7.355,41.81,41.759,0.0,41.81,Heating phase,48.8
442.58,7.376,41.88,41.768,0.054,41.88,Heating phase,49.9
443.86,7.398,41.81,41.774,-0.055,41.88,Heating phase,48.8
445.14,7.419,41.88,41.784,0.055,41.88,Heating phase,49.9
446.43,7.44,41.88,41.79,0.0,41.88,Heating phase,49.9
447.71,7.462,41.88,41.797,0.0,41.88,Heating phase,49.9
448.99,7.483,41.88,41.804,0.0,41.88,Heating phase,49.9
450.28,7.505,41.88,41.81,0.0,41.88,Heating phase,49.9
451.56,7.526,41.94,41.82,0.047,41.94,Heating phase,50.9
452.84,7.547,41.88,41.826,-0.047,41.94,Heating phase,49.9
454.13,7.569,41.94,41.836,0.047,41.94,Heating phase,50.9
455.41,7.59,41.94,41.845,0.0,41.94,Heating phase,50.9
456.69,7.612,41.94,41.854,0.0,41.94,Heating phase,50.9
457.98,7.633,41.94,41.864,0.0,41.94,Heating phase,50.9
459.26,7.654,41.94,41.87,0.0,41.94,Heating phase,50.9
460.54,7.676,41.94,41.877,0.0,41.94,Heating phase,50.9
461.83,7.697,41.94,41.884,0.0,41.94,Heating phase,50.9
463.11,7.719,42.0,41.896,0.047,42.0,Heating phase,52.2
464.39,7.74,41.94,41.902,-0.047,42.0,Heating phase,50.9
465.68,7.761,42.0,41.912,0.047,42.0,Heating phase,52.2
466.96,7.783,42.0,41.922,0.0,42.0,Heating phase,52.2
468.25,7.804,42.0,41.928,0.0,42.0,Heating phase,52.2
469.53,7.826,42.0,41.937,0.0,42.0,Heating phase,52.2
470.81,7.847,42.0,41.943,0.0,42.0,Heating phase,52.2
472.09,7.868,42.0,41.949,0.0,42.0,Heating phase,52.2
473.38,7.89,42.06,41.958,0.047,42.06,Heating phase,53.3
474.66,7.911,42.06,41.967,0.0,42.06,Heating phase,53.3
475.94,7.932,42.0,41.973,-0.047,42.06,Heating phase,52.2
477.23,7.954,42.06,41.979,0.047,42.06,Heating phase,53.3
478.51,7.975,42.06,41.988,0.0,42.06,Heating phase,53.3
479.8,7.997,42.06,41.994,0.0,42.06,Heating phase,53.3
481.08,8.018,42.06,42.0,0.0,42.06,Heating phase,53.3
482.36,8.039,42.06,42.006,0.0,42.06,Heating phase,53.3
483.65,8.061,42.06,42.012,0.0,42.06,Heating phase,53.3
484.93,8.082,42.13,42.022,0.055,42.13,Heating phase,54.5
486.21,8.104,42.13,42.031,0.0,42.13,Heating phase,54.5
487.5,8.125,42.13,42.04,0.0,42.13,Heating phase,54.5
488.78,8.146,42.13,42.047,0.0,42.13,Heating phase,54.5
490.06,8.168,42.13,42.056,0.0,42.13,Heating phase,54.5
491.35,8.189,42.13,42.063,0.0,42.13,Heating phase,54.5
492.63,8.21,42.13,42.07,0.0,42.13,Heating phase,54.5
493.91,8.232,42.13,42.076,0.0,42.13,Heating phase,54.5
495.2,8.253,42.13,42.082,0.0,42.13,Heating phase,54.5
496.48,8.275,42.19,42.092,0.047,42.19,Heating phase,55.8
497.76,8.296,42.19,42.102,0.0,42.19,Heating phase,55.8
499.05,8.318,42.19,42.108,0.0,42.19,Heating phase,55.8
500.33,8.339,42.19,42.114,0.0,42.19,Heating phase,55.8
501.61,8.36,42.19,42.124,0.0,42.19,Heating phase,55.8
502.9,8.382,42.19,42.13,0.0,42.19,Heating phase,55.8
504.18,8.403,42.19,42.137,0.0,42.19,Heating phase,55.8
505.46,8.424,42.19,42.144,0.0,42.19,Heating phase,55.8
506.75,8.446,42.19,42.15,0.0,42.19,Heating phase,55.8
508.03,8.467,42.25,42.16,0.047,42.25,Heating phase,57.4
509.31,8.488,42.19,42.166,-0.047,42.25,Heating phase,55.8
510.6,8.51,42.25,42.172,0.047,42.25,Heating phase,57.4
511.88,8.531,42.25,42.178,0.0,42.25,Heating phase,57.4
513.16,8.553,42.19,42.181,-0.047,42.25,Heating phase,55.8
514.45,8.574,42.25,42.187,0.047,42.25,Heating phase,57.4
515.73,8.596,42.25,42.193,0.0,42.25,Heating phase,57.4
517.01,8.617,42.25,42.199,0.0,42.25,Heating phase,57.4
518.3,8.638,42.25,42.205,0.0,42.25,Heating phase,57.4
519.58,8.66,42.25,42.211,0.0,42.25,Heating phase,57.4
520.86,8.681,42.25,42.217,0.0,42.25,Heating phase,57.4
522.15,8.702,42.25,42.22,0.0,42.25,Heating phase,57.4
523.43,8.724,42.25,42.223,0.0,42.25,Heating phase,57.4
524.71,8.745,42.25,42.226,0.0,42.25,Heating phase,57.4
526.0,8.767,42.25,42.229,0.0,42.25,Heating phase,57.4
527.28,8.788,42.25,42.232,0.0,42.25,Heating phase,57.4
528.57,8.81,42.25,42.235,0.0,42.25,Heating phase,57.4
529.85,8.831,42.25,42.238,0.0,42.25,Heating phase,57.4
531.13,8.852,42.25,42.241,0.0,42.25,Heating phase,57.4
532.42,8.874,42.25,42.244,0.0,42.25,Heating phase,57.4
533.7,8.895,42.25,42.244,0.0,42.25,Heating phase,57.4
534.98,8.916,42.25,42.247,0.0,42.25,Heating phase,57.4
536.27,8.938,42.25,42.247,0.0,42.25,Heating phase,57.4
537.55,8.959,42.25,42.247,0.0,42.25,Heating phase,57.4
538.83,8.981,42.31,42.253,0.047,42.31,Heating phase,60.8
540.12,9.002,42.31,42.256,0.0,42.31,Heating phase,60.8
541.4,9.023,42.25,42.256,-0.047,42.31,Heating phase,57.4
542.68,9.045,42.31,42.259,0.047,42.31,Heating phase,60.8
543.97,9.066,42.31,42.262,0.0,42.31,Heating phase,60.8
545.25,9.088,42.31,42.265,0.0,42.31,Heating phase,60.8
546.53,9.109,42.25,42.265,-0.047,42.31,Heating phase,57.4
547.82,9.13,42.31,42.268,0.047,42.31,Heating phase,60.8
549.1,9.152,42.31,42.271,0.0,42.31,Heating phase,60.8
550.38,9.173,42.31,42.274,0.0,42.31,Heating phase,60.8
551.67,9.194,42.31,42.277,0.0,42.31,Heating phase,60.8
552.95,9.216,42.31,42.28,0.0,42.31,Heating phase,60.8
554.23,9.237,42.31,42.283,0.0,42.31,Heating phase,60.8
555.52,9.259,42.31,42.286,0.0,42.31,Heating phase,60.8
556.8,9.28,42.31,42.289,0.0,42.31,Heating phase,60.8
558.08,9.301,42.31,42.292,0.0,42.31,Heating phase,60.8
559.37,9.323,42.38,42.299,0.054,42.38,Heating phase,63.3
560.65,9.344,42.31,42.302,-0.055,42.38,Heating phase,60.8
561.94,9.366,42.31,42.305,0.0,42.38,Heating phase,60.8
563.22,9.387,42.31,42.308,0.0,42.38,Heating phase,60.8
564.5,9.408,42.38,42.311,0.055,42.38,Heating phase,63.3
565.79,9.43,42.38,42.314,0.0,42.38,Heating phase,63.3
567.07,9.451,42.38,42.321,0.0,42.38,Heating phase,63.3
568.35,9.472,42.38,42.325,0.0,42.38,Heating phase,63.3
569.64,9.494,42.38,42.328,0.0,42.38,Heating phase,63.3
570.92,9.515,42.38,42.332,0.0,42.38,Heating phase,63.3
572.2,9.537,42.38,42.338,0.0,42.38,Heating phase,63.3
573.49,9.558,42.38,42.342,0.0,42.38,Heating phase,63.3
574.77,9.58,42.38,42.345,0.0,42.38,Heating phase,63.3
576.05,9.601,42.44,42.352,0.047,42.44,Heating phase,65.8
577.34,9.622,42.38,42.355,-0.047,42.44,Heating phase,63.3
578.62,9.644,42.38,42.359,0.0,42.44,Heating phase,63.3
579.9,9.665,42.44,42.365,0.047,42.44,Heating phase,65.8
581.19,9.686,42.38,42.368,-0.047,42.44,Heating phase,63.3
582.47,9.708,42.38,42.372,0.0,42.44,Heating phase,63.3
583.75,9.729,42.38,42.376,0.0,42.44,Heating phase,63.3
585.04,9.751,42.38,42.376,0.0,42.44,Heating phase,63.3
586.32,9.772,42.38,42.379,0.0,42.44,Heating phase,63.3
587.6,9.793,42.44,42.386,0.047,42.44,Heating phase,65.8
588.89,9.815,42.44,42.392,0.0,42.44,Heating phase,65.8
590.17,9.836,42.44,42.395,0.0,42.44,Heating phase,65.8
591.45,9.858,42.44,42.398,0.0,42.44,Heating phase,65.8
592.74,9.879,42.44,42.401,0.0,42.44,Heating phase,65.8
594.02,9.9,42.44,42.404,0.0,42.44,Heating phase,65.8
595.3,9.922,42.44,42.407,0.0,42.44,Heating phase,65.8
596.59,9.943,42.44,42.41,0.0,42.44,Heating phase,65.8
597.87,9.964,42.44,42.413,0.0,42.44,Heating phase,65.8
599.15,9.986,42.44,42.416,0.0,42.44,Heating phase,65.8
600.44,10.007,42.44,42.419,0.0,42.44,Heating phase,65.8
601.72,10.029,42.44,42.419,0.0,42.44,Heating phase,65.8
603.0,10.05,42.44,42.422,0.0,42.44,Heating phase,65.8
604.29,10.071,42.44,42.425,0.0,42.44,Heating phase,65.8
605.57,10.093,42.44,42.425,0.0,42.44,Heating phase,65.8
606.85,10.114,42.44,42.428,0.0,42.44,Heating phase,65.8
608.14,10.136,42.44,42.431,0.0,42.44,Heating phase,65.8
609.42,10.157,42.44,42.434,0.0,42.44,Heating phase,65.8
610.7,10.178,42.44,42.437,0.0,42.44,Heating phase,65.8
611.99,10.2,42.44,42.44,0.0,42.44,Heating phase,65.8
613.27,10.221,42.5,42.443,0.047,42.5,Heating phase,70.5
614.55,10.242,42.44,42.443,-0.047,42.5,Heating phase,65.8
615.84,10.264,42.44,42.443,0.0,42.5,Heating phase,65.8
617.12,10.285,42.44,42.443,0.0,42.5,Heating phase,65.8
618.4,10.307,42.5,42.446,0.047,42.5,Heating phase,70.5
619.69,10.328,42.44,42.446,-0.047,42.5,Heating phase,65.8
620.97,10.35,42.44,42.446,0.0,42.5,Heating phase,65.8
622.26,10.371,42.5,42.449,0.047,42.5,Heating phase,70.5
623.54,10.392,42.5,42.452,0.0,42.5,Heating phase,70.5
624.82,10.414,42.5,42.455,0.0,42.5,Heating phase,70.5
626.11,10.435,42.5,42.458,0.0,42.5,Heating phase,70.5
627.39,10.456,42.5,42.461,0.0,42.5,Heating phase,70.5
628.67,10.478,42.5,42.464,0.0,42.5,Heating phase,70.5
629.96,10.499,42.5,42.467,0.0,42.5,Heating phase,70.5
631.24,10.521,42.5,42.47,0.0,42.5,Heating phase,70.5
632.52,10.542,42.5,42.473,0.0,42.5,Heating phase,70.5
633.81,10.564,42.5,42.476,0.0,42.5,Heating phase,70.5
635.09,10.585,42.5,42.479,0.0,42.5,Heating phase,70.5
636.37,10.606,42.5,42.482,0.0,42.5,Heating phase,70.5
637.66,10.628,42.5,42.485,0.0,42.5,Heating phase,70.5
638.94,10.649,42.5,42.485,0.0,42.5,Heating phase,70.5
640.22,10.67,42.5,42.488,0.0,42.5,Heating phase,70.5
641.51,10.692,42.5,42.491,0.0,42.5,Heating phase,70.5
642.79,10.713,42.5,42.494,0.0,42.5,Heating phase,70.5
644.07,10.734,42.5,42.494,0.0,42.5,Heating phase,70.5
645.36,10.756,42.56,42.5,0.047,42.56,Heating phase,81.5
646.64,10.777,42.56,42.506,0.0,42.56,Heating phase,81.5
647.92,10.799,42.56,42.509,0.0,42.56,Heating phase,81.5
649.21,10.82,42.56,42.512,0.0,42.56,Heating phase,81.5
650.49,10.842,42.56,42.515,0.0,42.56,Heating phase,81.5
651.77,10.863,42.56,42.518,0.0,42.56,Heating phase,81.5
653.06,10.884,42.56,42.521,0.0,42.56,Heating phase,81.5
654.34,10.906,42.56,42.524,0.0,42.56,Heating phase,81.5
655.63,10.927,42.56,42.527,0.0,42.56,Heating phase,81.5
656.91,10.948,42.56,42.53,0.0,42.56,Heating phase,81.5
658.19,10.97,42.63,42.537,0.055,42.63,Heating phase,87.6
659.48,10.991,42.56,42.54,-0.054,42.63,Heating phase,81.5
660.76,11.013,42.56,42.543,0.0,42.63,Heating phase,81.5
662.04,11.034,42.56,42.546,0.0,42.63,Heating phase,81.5
663.33,11.056,42.63,42.552,0.054,42.63,Heating phase,87.6
664.61,11.077,42.56,42.555,-0.055,42.63,Heating phase,81.5
665.89,11.098,42.63,42.562,0.055,42.63,Heating phase,87.6
667.18,11.12,42.63,42.568,0.0,42.63,Heating phase,87.6
668.46,11.141,42.63,42.574,0.0,42.63,Heating phase,87.6
669.74,11.162,42.63,42.581,0.0,42.63,Heating phase,87.6
671.03,11.184,42.63,42.585,0.0,42.63,Heating phase,87.6
672.31,11.205,42.63,42.588,0.0,42.63,Heating phase,87.6
673.59,11.226,42.63,42.592,0.0,42.63,Heating phase,87.6
674.88,11.248,42.63,42.595,0.0,42.63,Heating phase,87.6
676.16,11.269,42.63,42.599,0.0,42.63,Heating phase,87.6
677.44,11.291,42.63,42.602,0.0,42.63,Heating phase,87.6
678.73,11.312,42.63,42.606,0.0,42.63,Heating phase,87.6
680.01,11.333,42.63,42.609,0.0,42.63,Heating phase,87.6
681.29,11.355,42.63,42.613,0.0,42.63,Heating phase,87.6
682.58,11.376,42.63,42.616,0.0,42.63,Heating phase,87.6
683.86,11.398,42.63,42.616,0.0,42.63,Heating phase,87.6
685.14,11.419,42.63,42.62,0.0,42.63,Heating phase,87.6
686.43,11.44,42.63,42.623,0.0,42.63,Heating phase,87.6
687.71,11.462,42.63,42.627,0.0,42.63,Heating phase,87.6
688.99,11.483,42.63,42.626,0.0,42.63,Heating phase,87.6
690.28,11.505,42.63,42.63,0.0,42.63,Heating phase,87.6
691.56,11.526,42.63,42.63,0.0,42.63,Heating phase,87.6
692.84,11.547,42.63,42.63,0.0,42.63,Heating phase,87.6
694.13,11.569,42.63,42.63,0.0,42.63,Heating phase,87.6
695.41,11.59,42.63,42.63,0.0,42.63,Heating phase,87.6
696.69,11.612,42.63,42.63,0.0,42.63,Heating phase,87.6
697.98,11.633,42.63,42.63,0.0,42.63,Heating phase,87.6
699.26,11.654,42.63,42.63,0.0,42.63,Heating phase,87.6
700.54,11.676,42.63,42.63,0.0,42.63,Heating phase,87.6
701.83,11.697,42.63,42.63,0.0,42.63,Heating phase,87.6
703.11,11.718,42.63,42.63,0.0,42.63,Heating phase,87.6
704.39,11.74,42.63,42.63,0.0,42.63,Heating phase,87.6
705.68,11.761,42.63,42.63,0.0,42.63,Heating phase,87.6
706.96,11.783,42.63,42.63,0.0,42.63,Heating phase,87.6
708.24,11.804,42.63,42.63,0.0,42.63,Heating phase,87.6
709.53,11.826,42.63,42.63,0.0,42.63,Heating phase,87.6
710.81,11.847,42.63,42.63,0.0,42.63,Heating phase,87.6
712.09,11.868,42.63,42.63,0.0,42.63,Heating phase,87.6
713.38,11.89,42.63,42.63,0.0,42.63,Heating phase,87.6
714.66,11.911,42.63,42.63,0.0,42.63,Heating phase,87.6
715.94,11.932,42.63,42.63,0.0,42.63,Heating phase,87.6
717.23,11.954,42.63,42.63,0.0,42.63,Heating phase,87.6
718.51,11.975,42.63,42.63,0.0,42.63,Heating phase,87.6
719.8,11.997,42.63,42.63,0.0,42.63,Heating phase,87.6
721.08,12.018,42.63,42.63,0.0,42.63,Stable phase,87.6
722.36,12.039,42.63,42.63,0.0,42.63,Stable phase,87.6
723.65,12.061,42.63,42.63,0.0,42.63,Stable phase,87.6
724.93,12.082,42.63,42.63,0.0,42.63,Stable phase,87.6
726.21,12.104,42.63,42.63,0.0,42.63,Stable phase,87.6
727.5,12.125,42.63,42.63,0.0,42.63,Stable phase,87.6
728.78,12.146,42.63,42.63,0.0,42.63,Stable phase,87.6
730.06,12.168,42.69,42.633,0.047,42.69,Stable phase,99.7
731.35,12.189,42.63,42.633,-0.047,42.69,Stable phase,87.6
732.63,12.21,42.63,42.633,0.0,42.69,Stable phase,87.6
733.91,12.232,42.63,42.633,0.0,42.69,Stable phase,87.6
735.2,12.253,42.63,42.633,0.0,42.69,Stable phase,87.6
736.48,12.275,42.63,42.633,0.0,42.69,Stable phase,87.6
737.76,12.296,42.63,42.633,0.0,42.69,Stable phase,87.6
739.05,12.317,42.63,42.633,0.0,42.69,Stable phase,87.6
740.33,12.339,42.63,42.633,0.0,42.69,Stable phase,87.6
741.61,12.36,42.63,42.633,0.0,42.69,Stable phase,87.6
742.9,12.382,42.63,42.633,0.0,42.69,Stable phase,87.6
744.18,12.403,42.63,42.633,0.0,42.69,Stable phase,87.6
745.46,12.424,42.63,42.633,0.0,42.69,Stable phase,87.6
746.75,12.446,42.63,42.633,0.0,42.69,Stable phase,87.6
748.03,12.467,42.63,42.633,0.0,42.69,Stable phase,87.6
749.31,12.488,42.63,42.633,0.0,42.69,Stable phase,87.6
750.6,12.51,42.63,42.633,0.0,42.69,Stable phase,87.6
751.88,12.531,42.63,42.633,0.0,42.69,Stable phase,87.6
753.16,12.553,42.63,42.633,0.0,42.69,Stable phase,87.6
754.45,12.574,42.63,42.633,0.0,42.69,Stable phase,87.6
755.73,12.596,42.63,42.63,0.0,42.69,Stable phase,87.6
757.02,12.617,42.63,42.63,0.0,42.69,Stable phase,87.6
758.3,12.638,42.63,42.63,0.0,42.69,Stable phase,87.6
759.58,12.66,42.69,42.633,0.047,42.69,Stable phase,99.7
760.87,12.681,42.69,42.636,0.0,42.69,Stable phase,99.7
762.15,12.702,42.63,42.636,-0.047,42.69,Stable phase,87.6
763.43,12.724,42.63,42.636,0.0,42.69,Stable phase,87.6
764.72,12.745,42.63,42.636,0.0,42.69,Stable phase,87.6
766.0,12.767,42.56,42.633,-0.055,42.69,Stable phase,81.5
767.28,12.788,42.63,42.633,0.055,42.69,Stable phase,87.6
768.57,12.81,42.56,42.629,-0.054,42.69,Stable phase,81.5
769.85,12.831,42.63,42.629,0.055,42.69,Stable phase,87.6
771.13,12.852,42.56,42.626,-0.055,42.69,Stable phase,81.5
772.42,12.874,42.56,42.622,0.0,42.69,Stable phase,81.5
773.7,12.895,42.56,42.618,0.0,42.69,Stable phase,81.5
774.98,12.916,42.56,42.615,0.0,42.69,Stable phase,81.5
776.27,12.938,42.56,42.612,0.0,42.69,Stable phase,81.5
777.55,12.959,42.56,42.608,0.0,42.69,Stable phase,81.5
778.83,12.981,42.5,42.602,-0.047,42.69,Stable phase,70.5
780.12,13.002,42.56,42.598,0.047,42.69,Stable phase,81.5
781.4,13.023,42.56,42.594,0.0,42.69,Stable phase,81.5
782.68,13.045,42.5,42.588,-0.047,42.69,Stable phase,70.5
783.97,13.066,42.56,42.585,0.047,42.69,Stable phase,81.5
785.25,13.088,42.56,42.578,0.0,42.69,Stable phase,81.5
786.53,13.109,42.5,42.568,-0.047,42.69,Stable phase,70.5
787.82,13.13,42.5,42.562,0.0,42.69,Stable phase,70.5
789.1,13.152,42.5,42.556,0.0,42.69,Stable phase,70.5
790.38,13.173,42.56,42.552,0.047,42.69,Stable phase,81.5
791.67,13.194,42.5,42.549,-0.047,42.69,Stable phase,70.5
792.95,13.216,42.5,42.543,0.0,42.69,Stable phase,70.5
794.23,13.237,42.5,42.54,0.0,42.69,Stable phase,70.5
795.52,13.259,42.5,42.533,0.0,42.69,Stable phase,70.5
796.8,13.28,42.5,42.53,0.0,42.69,Stable phase,70.5
798.08,13.301,42.5,42.527,0.0,42.69,Stable phase,70.5
799.37,13.323,42.5,42.524,0.0,42.69,Stable phase,70.5
800.65,13.344,42.5,42.521,0.0,42.69,Stable phase,70.5
801.93,13.365,42.5,42.518,0.0,42.69,Stable phase,70.5
803.22,13.387,42.5,42.515,0.0,42.69,Stable phase,70.5
804.5,13.408,42.5,42.515,0.0,42.69,Stable phase,70.5
805.79,13.43,42.5,42.512,0.0,42.69,Stable phase,70.5
807.07,13.451,42.5,42.509,0.0,42.69,Stable phase,70.5
808.35,13.472,42.5,42.509,0.0,42.69,Stable phase,70.5
809.63,13.494,42.5,42.506,0.0,42.69,Stable phase,70.5
810.92,13.515,42.5,42.503,0.0,42.69,Stable phase,70.5
812.2,13.537,42.5,42.503,0.0,42.69,Stable phase,70.5
813.5,13.558,42.5,42.503,0.0,42.69,Stable phase,70.5
814.77,13.58,42.5,42.503,0.0,42.69,Stable phase,70.5
816.05,13.601,42.5,42.5,0.0,42.69,Stable phase,70.5
817.34,13.622,42.5,42.5,0.0,42.69,Stable phase,70.5
818.62,13.644,42.5,42.5,0.0,42.69,Stable phase,70.5
819.9,13.665,42.5,42.5,0.0,42.69,Stable phase,70.5
821.19,13.686,42.5,42.5,0.0,42.69,Stable phase,70.5
822.47,13.708,42.5,42.5,0.0,42.69,Stable phase,70.5
823.75,13.729,42.5,42.5,0.0,42.69,Stable phase,70.5
825.04,13.751,42.5,42.5,0.0,42.69,Stable phase,70.5
826.32,13.772,42.44,42.497,-0.047,42.69,Stable phase,65.8
827.6,13.793,42.44,42.494,0.0,42.69,Stable phase,65.8
828.89,13.815,42.44,42.491,0.0,42.69,Stable phase,65.8
830.17,13.836,42.44,42.488,0.0,42.69,Stable phase,65.8
831.45,13.858,42.5,42.488,0.047,42.69,Stable phase,70.5
832.74,13.879,42.44,42.485,-0.047,42.69,Stable phase,65.8
834.02,13.9,42.5,42.485,0.047,42.69,Stable phase,70.5
835.3,13.922,42.5,42.485,0.0,42.69,Stable phase,70.5
836.59,13.943,42.5,42.485,0.0,42.69,Stable phase,70.5
837.87,13.964,42.5,42.485,0.0,42.69,Stable phase,70.5
839.15,13.986,42.5,42.485,0.0,42.69,Stable phase,70.5
840.44,14.007,42.44,42.482,-0.047,42.69,Stable phase,65.8
841.72,14.029,42.5,42.482,0.047,42.69,Stable phase,70.5
843.0,14.05,42.5,42.482,0.0,42.69,Stable phase,70.5
844.29,14.071,42.5,42.482,0.0,42.69,Stable phase,70.5
845.57,14.093,42.5,42.482,0.0,42.69,Stable phase,70.5
846.86,14.114,42.5,42.482,0.0,42.69,Stable phase,70.5
848.14,14.136,42.5,42.482,0.0,42.69,Stable phase,70.5
849.42,14.157,42.5,42.482,0.0,42.69,Stable phase,70.5
850.71,14.179,42.5,42.482,0.0,42.69,Stable phase,70.5
851.99,14.2,42.5,42.485,0.0,42.69,Stable phase,70.5
853.27,14.221,42.5,42.488,0.0,42.69,Stable phase,70.5
854.55,14.242,42.5,42.491,0.0,42.69,Stable phase,70.5
855.84,14.264,42.5,42.494,0.0,42.69,Stable phase,70.5
857.13,14.286,42.5,42.494,0.0,42.69,Stable phase,70.5
858.41,14.307,42.5,42.497,0.0,42.69,Stable phase,70.5
859.69,14.328,42.5,42.497,0.0,42.69,Stable phase,70.5
860.97,14.35,42.5,42.497,0.0,42.69,Stable phase,70.5
862.26,14.371,42.5,42.497,0.0,42.69,Stable phase,70.5
863.54,14.392,42.56,42.5,0.047,42.69,Stable phase,81.5
864.82,14.414,42.5,42.5,-0.047,42.69,Stable phase,70.5
866.11,14.435,42.56,42.506,0.047,42.69,Stable phase,81.5
867.39,14.456,42.56,42.509,0.0,42.69,Stable phase,81.5
868.67,14.478,42.56,42.512,0.0,42.69,Stable phase,81.5
869.96,14.499,42.56,42.515,0.0,42.69,Stable phase,81.5
871.24,14.521,42.56,42.518,0.0,42.69,Stable phase,81.5
872.52,14.542,42.56,42.521,0.0,42.69,Stable phase,81.5
873.81,14.564,42.56,42.524,0.0,42.69,Stable phase,81.5
875.09,14.585,42.56,42.527,0.0,42.69,Stable phase,81.5
876.37,14.606,42.56,42.53,0.0,42.69,Stable phase,81.5
877.66,14.628,42.56,42.533,0.0,42.69,Stable phase,81.5
878.94,14.649,42.63,42.54,0.055,42.69,Stable phase,87.6
880.22,14.67,42.56,42.543,-0.055,42.69,Stable phase,81.5
881.51,14.692,42.56,42.546,0.0,42.69,Stable phase,81.5
882.79,14.713,42.56,42.549,0.0,42.69,Stable phase,81.5
884.07,14.734,42.56,42.552,0.0,42.69,Stable phase,81.5
885.36,14.756,42.63,42.558,0.054,42.69,Stable phase,87.6
886.64,14.777,42.63,42.564,0.0,42.69,Stable phase,87.6
887.92,14.799,42.63,42.571,0.0,42.69,Stable phase,87.6
889.21,14.82,42.63,42.575,0.0,42.69,Stable phase,87.6
